{"cameraMode":{"drawMode":0,"name":"Shaded","section":"Shading Mode"},"sceneLighting":false,"audioPlay":false,"sceneViewState":{"m_AlwaysRefresh":false,"showFog":true,"showSkybox":false,"showFlares":true,"showImageEffects":true,"showParticleSystems":true,"showVisualEffectGraphs":true,"m_FxEnabled":true},"in2DMode":false,"pivot":{"x":-1.1877920627593995,"y":0.5652821660041809,"z":0.3943818509578705},"rotation":{"x":0.06588931381702423,"y":0.6770737767219544,"z":0.06111874803900719,"w":-0.7303224205970764},"size":1.3697893619537354,"orthographic":false}